<?xml version="1.0" encoding="UTF-8"?>
<project-private xmlns="http://www.netbeans.org/ns/project-private/1">
    <editor-bookmarks xmlns="http://www.netbeans.org/ns/editor-bookmarks/1"/>
    <editor-bookmarks xmlns="http://www.netbeans.org/ns/editor-bookmarks/2" lastBookmarkId="0"/>
    <open-files xmlns="http://www.netbeans.org/ns/projectui-open-files/2">
        <group name="project">
            <file>file:/D:/m.sc/Sudoku%20pro/Sudoku/src/StopWatch.java</file>
            <file>file:/D:/m.sc/Sudoku%20pro/Sudoku/src/Main.java</file>
            <file>file:/D:/m.sc/Sudoku%20pro/Sudoku/src/Sudoku.java</file>
            <file>file:/D:/m.sc/Sudoku%20pro/Sudoku/src/SudokuUI.java</file>
            <file>file:/D:/m.sc/Sudoku%20pro/Sudoku/src/Inputs.java</file>
        </group>
    </open-files>
</project-private>
